"nom_espece";"Not_Forested";"Forested";"topt";"pH";"habitat_categ"
"Achillea millefolium";35;21;5.64;8.5;"2,2"
"Aconitum lycoctonum";2;0;1.75;NA;"/"
"Actaea spicata";1;3;5.5;6.9;"1,1"
"Adenostyles alliariae";1;2;7.53;6.2;"/"
"Adonis vernalis";1;0;5.61;NA;"2,2"
"Adoxa moschatellina";27;11;6.42;6.2;"1,1"
"Aegopodium podagraria";8;3;6.71;7.6;"2,1"
"Aesculus hippocastanum";31;1;NA;NA;NA
"Aethusa cynapium";9;6;8.04;NA;"1,2"
"Agrimonia eupatoria";42;11;8.68;7.1;"2,2"
"Agrimonia procera";2;0;NA;NA;NA
"Agrostis canina";36;27;6.16;4.6;"2,2"
"Agrostis capillaris";102;182;6.01;5.1;"2,2"
"Agrostis curtisii";2;3;NA;4.8;NA
"Agrostis stolonifera";26;40;7.09;5.9;"2,2"
"Ailanthus altissima";1;2;NA;NA;NA
"Aira caryophyllea";1;2;NA;NA;NA
"Ajuga reptans";162;202;8.07;6.1;"2,1"
"Alchemilla acutiloba";5;4;NA;NA;NA
"Alchemilla alpina";1;1;NA;5.5;NA
"Alchemilla hoppeana";1;1;NA;NA;NA
"Alchemilla xanthochlora";1;0;9.24;6.9;NA
"Alleniella complanata";1;0;NA;NA;NA
"Alliaria petiolata";97;25;8.41;6.4;"2,1"
"Allium oleraceum";1;0;7.27;NA;"2,2"
"Allium schoenoprasum";8;0;NA;NA;NA
"Allium ursinum";11;9;8.97;8.5;"1,1"
"Allium victorialis";1;0;NA;NA;NA
"Allium vineale";2;0;10.28;NA;"2,2"
"Alyssum alyssoides";0;3;9.83;7.4;NA
"Amelanchier ovalis";5;7;NA;8.5;NA
"Anemone alpina";1;0;NA;7.1;NA
"Anemone hepatica";4;16;6.56;6.9;NA
"Anemone nemorosa";198;280;7.55;5.9;"1,1"
"Anemone ranunculoides";4;10;6.94;6.4;"1,1"
"Anemone sylvestris";7;6;5.82;NA;"2,2"
"Angelica sylvestris";82;46;5.87;8.5;"2,1"
"Anomodon viticulosus";1;0;NA;NA;NA
"Anthemis arvensis";1;0;NA;NA;NA
"Anthemis cotula";1;0;NA;NA;NA
"Anthericum liliago";0;1;9.51;8.5;"2,1"
"Anthericum ramosum";1;0;8.02;8.5;"2,2"
"Anthoxanthum odoratum";35;24;6.02;5.6;"2,2"
"Anthriscus caucalis";1;0;NA;NA;NA
"Anthriscus sylvestris";12;2;6.13;6.2;"2,2"
"Anthyllis vulneraria";3;2;NA;8.5;NA
"Aphyllanthes monspeliensis";1;2;NA;8.5;NA
"Aquilegia vulgaris";12;22;7.72;6.9;"1,2"
"Arabidopsis arenosa";1;0;6.65;NA;NA
"Arabis alpina";0;2;NA;NA;NA
"Arabis ciliata";0;1;NA;NA;NA
"Arabis hirsuta";0;1;7.1;NA;"2,2"
"Arctium lappa";2;0;7.94;NA;"2,2"
"Arctium nemorosum";16;13;8.64;6.4;"1,2"
"Arctostaphylos uva-ursi";1;3;NA;8.5;NA
"Arenaria montana";1;8;NA;4.6;NA
"Armeria maritima";1;0;NA;NA;NA
"Arnica montana";1;1;NA;5.2;NA
"Arrhenatherum elatius";6;3;9.21;6.2;"2,2"
"Artemisia alba";0;1;NA;8.2;NA
"Artemisia vulgaris";4;1;7.07;NA;"2,2"
"Arum italicum";83;9;NA;6;NA
"Arum maculatum";425;158;9.06;6.9;"1,1"
"Aruncus dioicus";0;2;8.35;6.5;"/"
"Asarum europaeum";28;48;6.58;7.2;"1,1"
"Asparagus acutifolius";4;1;NA;8.5;NA
"Asparagus officinalis";1;0;7.38;NA;"2,2"
"Asparagus tenuifolius";0;1;NA;NA;NA
"Asperula cynanchica";1;0;NA;8.5;NA
"Asphodelus albus";14;56;NA;5;NA
"Asplenium adiantum-nigrum";11;7;9.76;6.6;"2,1"
"Asplenium ceterach";1;3;NA;NA;NA
"Asplenium scolopendrium";25;11;9.83;7.3;"1,1"
"Asplenium septentrionale";1;0;7.31;NA;"O"
"Asplenium trichomanes";17;8;9.34;7;"2,1"
"Asplenium viride";0;1;6.77;6.9;"/"
"Aster amellus";1;1;NA;NA;NA
"Astragalus glycyphyllos";2;2;7.61;NA;"2,2"
"Astragalus monspessulanus";2;2;NA;8.5;NA
"Astrantia major";3;1;8.2;6.2;"/"
"Athyrium distentifolium";1;0;NA;3;NA
"Athyrium filix-femina";138;280;6.15;5.4;"1,1"
"Atrichum undulatum";354;585;NA;5;NA
"Atropa belladonna";7;8;NA;6.4;NA
"Aulacomnium palustre";1;0;NA;NA;NA
"Avenella flexuosa";165;452;6.01;3;"2,1"
"Baccharis halimifolia";0;1;NA;NA;NA
"Bazzania trilobata";0;3;NA;3;NA
"Bellidiastrum michelii";0;1;7.22;6;"/"
"Bellis annua";0;1;NA;NA;NA
"Bellis perennis";5;0;9.86;6.1;"O"
"Berberis aquifolium";7;0;NA;NA;NA
"Berberis vulgaris";13;5;8.7;8.5;"2,1"
"Betonica officinalis";67;69;7.89;6;NA
"Bistorta officinalis";4;5;5.29;6.1;"2,2"
"Bituminaria bituminosa";3;2;NA;8.5;NA
"Blackstonia perfoliata";1;0;NA;NA;NA
"Blechnum spicant";40;79;8.79;3;"1,1"
"Blitum bonus-henricus";0;1;NA;NA;NA
"Brachypodium phoenicoides";0;2;NA;8.5;NA
"Brachypodium pinnatum";228;167;7.19;8.5;"2,2"
"Brachypodium retusum";1;0;NA;7.45;NA
"Brachypodium sylvaticum";743;653;9.47;6.7;"1,1"
"Brachythecium rutabulum";5;5;NA;5.5;NA
"Briza maxima";1;0;NA;NA;NA
"Briza media";6;0;8.2;8.5;"O"
"Briza minor";1;0;NA;NA;NA
"Bromopsis benekenii";20;26;7.29;6.7;"1,1"
"Bromopsis erecta";12;6;9.5;8.5;"2,2"
"Bromopsis ramosa";8;14;9.81;NA;"1,2"
"Bromus racemosus";1;1;NA;NA;NA
"Bryonia dioica";18;1;NA;NA;NA
"Buddleja davidii";1;1;NA;NA;NA
"Buglossoides purpurocaerulea";8;7;11.22;7.4;NA
"Bunium bulbocastanum";1;0;NA;NA;NA
"Bupleurum falcatum";4;5;9.95;8.5;"2,2"
"Buxus sempervirens";28;20;10.71;8.5;"2,1"
"Calamagrostis arundinacea";4;4;5.2;4.4;"2,1"
"Calamagrostis epigejos";9;33;7.98;4.5;"2,1"
"Calluna vulgaris";55;339;6.32;3;"2,1"
"Caltha palustris";5;5;5.38;6.1;"2,1"
"Campanula glomerata";1;1;6.86;8.5;"2,2"
"Campanula patula";2;0;5.79;NA;NA
"Campanula persicifolia";0;5;6.41;NA;"1,2"
"Campanula rapunculoides";0;1;7.07;NA;"2,2"
"Campanula rhomboidalis";2;0;4.72;6;NA
"Campanula rotundifolia";5;0;4.97;8.5;"2,2"
"Campanula scheuchzeri";1;1;NA;7.3;NA
"Campanula trachelium";13;40;8.59;7;"1,1"
"Campylopus flexuosus";0;1;NA;NA;NA
"Campylopus introflexus";0;1;NA;NA;NA
"Cardamine amara";6;6;6.07;NA;"2,1"
"Cardamine flexuosa";19;14;9.26;5.7;"1,2"
"Cardamine heptaphylla";5;11;8.38;6.8;"1,1"
"Cardamine impatiens";2;1;7.87;6.5;"1,2"
"Cardamine pentaphyllos";0;1;7.02;6.9;"/"
"Cardamine pratensis";50;88;4.68;6.1;"2,2"
"Carduus defloratus";1;0;5.33;7.4;"/"
"Carex acutiformis";51;27;7.65;8.5;"2,1"
"Carex alba";5;23;8.09;8.2;"/"
"Carex arenaria";3;6;8.57;8.5;"O"
"Carex brizoides";18;64;8.12;4.6;"1,1"
"Carex caryophyllea";0;2;8.27;NA;"O"
"Carex digitata";49;128;5.31;6.9;"1,1"
"Carex distachya";0;1;NA;6.5;NA
"Carex echinata";0;1;6.39;6;"2,1"
"Carex elongata";3;2;6.04;NA;"1,1"
"Carex flacca";466;441;10.25;7.6;"2,2"
"Carex halleriana";12;8;NA;8.5;NA
"Carex hirta";9;4;7.77;NA;"2,2"
"Carex humilis";6;4;8.88;8.5;"2,1"
"Carex laevigata";0;1;NA;NA;NA
"Carex lepidocarpa";0;2;NA;NA;NA
"Carex leporina";0;1;6.67;NA;"2,2"
"Carex montana";27;41;7.61;NA;"1,2"
"Carex muricata";21;25;7.45;NA;"2,1"
"Carex ornithopoda";2;2;6.28;8.5;"2,2"
"Carex otrubae";1;0;NA;NA;NA
"Carex pallescens";6;23;6.38;4.7;"2,1"
"Carex panicea";0;3;7.03;6.7;"2,2"
"Carex paniculata";2;2;9.03;5.8;"2,1"
"Carex parviflora";1;1;NA;NA;NA
"Carex pendula";78;145;11.2;NA;"1,1"
"Carex pilosa";2;9;6.94;5.7;"1,1"
"Carex pilulifera";162;519;8.18;4.2;"2,1"
"Carex remota";99;152;8.63;5.8;"1,1"
"Carex riparia";15;9;8;8.5;"2,2"
"Carex strigosa";13;13;NA;NA;NA
"Carex sylvatica";702;763;8.29;6.2;"1,1"
"Carex umbrosa";9;30;8.48;5;"1,1"
"Carex vesicaria";0;1;5.45;5.4;"2,2"
"Carlina acanthifolia";1;0;NA;8.5;NA
"Carlina acaulis";1;1;7.72;8.5;"O"
"Carlina corymbosa";2;1;NA;NA;NA
"Carlina vulgaris";1;1;9.16;8.5;"O"
"Carum carvi";1;0;5.55;NA;NA
"Catalpa bignonioides";1;0;NA;NA;NA
"Centaurea jacea";3;0;6.56;7;"2,2"
"Centaurea nigra";17;14;NA;NA;NA
"Centaurea pectinata";0;1;NA;NA;NA
"Centaurium erythraea";1;0;9.2;NA;"2,2"
"Centranthus ruber";1;0;NA;NA;NA
"Cephalanthera damasonium";11;8;9.32;7.5;"1,1"
"Cephalanthera longifolia";2;2;9.31;8.5;"2,1"
"Cephalanthera rubra";1;1;9.17;8.5;"1,1"
"Cerastium arvense";3;1;5.96;7.2;NA
"Cerastium glomeratum";0;1;NA;NA;NA
"Ceratocapnos claviculata";0;1;10.62;NA;"2,2"
"Cervaria rivini";9;5;9.52;7.4;NA
"Chaerophyllum aureum";0;1;NA;NA;NA
"Chaerophyllum hirsutum";2;1;8.57;6.1;"2,1"
"Chaerophyllum temulum";0;1;9.91;NA;"1,2"
"Chamaecyparis lawsoniana";0;2;NA;NA;NA
"Chelidonium majus";11;3;8.05;NA;"2,2"
"Chrysosplenium alternifolium";0;3;5.81;8.5;"1,1"
"Chrysosplenium oppositifolium";8;6;9.81;5.3;"1,1"
"Circaea lutetiana";138;120;8.4;6.1;"1,1"
"Circaea x intermedia";3;3;NA;5.7;NA
"Cirriphyllum piliferum";5;2;NA;8.15;NA
"Cirsium acaulon";2;0;NA;NA;NA
"Cirsium arvense";103;59;7.43;8.5;"2,2"
"Cirsium erisithales";1;0;7.34;NA;"/"
"Cirsium oleraceum";24;17;6.05;7.7;"2,1"
"Cirsium palustre";40;21;6.91;6;"2,2"
"Cirsium vulgare";3;1;7.97;NA;"2,2"
"Cistus lasianthus";0;4;NA;NA;NA
"Cistus salviifolius";1;3;NA;6.4;NA
"Clematis flammula";1;0;NA;8.5;NA
"Clematis vitalba";374;185;11.3;8.5;"2,1"
"Climacium dendroides";1;0;NA;NA;NA
"Clinopodium acinos";0;1;8.31;NA;NA
"Clinopodium grandiflorum";1;0;NA;6.7;NA
"Clinopodium nepeta";17;15;NA;7.8;NA
"Clinopodium vulgare";17;3;8.93;8.5;"2,2"
"Colchicum multiflorum";7;1;NA;NA;NA
"Comarum palustre";1;0;4.61;NA;"2,2"
"Conopodium majus";18;13;10.26;5.3;"2,1"
"Convallaria majalis";89;258;7.12;8.5;"1,1"
"Convolvulus sepium";46;5;8.34;7.5;NA
"Coriaria myrtifolia";3;1;NA;8.5;NA
"Coristospermum lucidum";1;0;NA;NA;NA
"Coronilla coronata";4;2;9.26;NA;"/"
"Coronilla minima";2;0;NA;8.5;NA
"Coronilla varia";1;3;8.96;NA;NA
"Corydalis cava";1;1;8.26;6.7;"1,1"
"Corydalis solida";2;0;7.4;NA;"1,1"
"Cotoneaster horizontalis";1;0;NA;NA;NA
"Cotoneaster integerrimus";2;0;7.67;7.3;"2,1"
"Crataegus germanica";40;51;NA;4.7;NA
"Crepis paludosa";4;2;5.73;6.1;"2,1"
"Crocus vernus";1;1;NA;NA;NA
"Crucianella angustifolia";1;0;NA;NA;NA
"Cruciata glabra";3;3;9.87;NA;"2,2"
"Cruciata laevipes";10;1;10.1;NA;"2,2"
"Ctenidium molluscum";28;17;NA;8.5;NA
"Cyanus montanus";3;0;7.67;6.5;"O"
"Cyclamen purpurascens";0;1;8.49;NA;"1,1"
"Cydonia oblonga";2;0;NA;NA;NA
"Cynosurus cristatus";2;0;8.57;5.8;NA
"Cystopteris fragilis";1;0;6.3;NA;"2,1"
"Cytisophyllum sessilifolium";0;1;NA;8.5;NA
"Cytisus oromediterraneus";9;6;NA;4.7;NA
"Cytisus scoparius";211;336;9.88;4.6;"2,2"
"Dactylis glomerata";389;178;8.56;6.8;"2,2"
"Dactylorhiza maculata";6;3;6.07;6.6;"2,1"
"Danthonia decumbens";5;29;8.06;4.8;"2,2"
"Daphne gnidium";0;2;NA;6.4;NA
"Daphne laureola";123;105;11.92;6.7;"1,1"
"Daphne mezereum";30;39;5.35;7.5;"1,1"
"Datura stramonium";0;1;9.6;NA;NA
"Daucus carota";22;7;10.3;8.5;"2,2"
"Deschampsia cespitosa";261;568;5.45;5.6;"2,1"
"Dianthus carthusianorum";1;1;9.67;NA;"2,2"
"Dianthus hyssopifolius";1;0;NA;7.7;NA
"Dianthus pavonius";1;0;NA;5.5;NA
"Dianthus superbus";2;1;5.14;NA;"/"
"Dicranella heteromalla";6;32;NA;3;NA
"Dicranum majus";2;3;NA;3;NA
"Dicranum scoparium";101;277;NA;3;NA
"Digitalis grandiflora";1;0;7.82;NA;"/"
"Digitalis lutea";5;6;9.71;NA;"2,2"
"Digitalis purpurea";50;79;11.04;3;"1,2"
"Dioscorea communis";144;37;12.54;8.1;"1,2"
"Diplophyllum albicans";0;1;NA;NA;NA
"Dipsacus fullonum";4;0;NA;NA;NA
"Dipsacus pilosus";1;2;8.52;NA;"1,2"
"Doronicum austriacum";0;4;7.23;4.9;"/"
"Doronicum pardalianches";1;0;NA;NA;NA
"Drymochloa sylvatica";4;24;6.01;3;"1,1"
"Dryopteris affinis";18;22;NA;5.6;NA
"Dryopteris carthusiana";173;390;5.85;3;"1,1"
"Dryopteris dilatata";94;118;8.99;3;"1,1"
"Dryopteris filix-mas";412;451;7.35;5.9;"1,1"
"Echinops ritro";0;1;NA;8.5;NA
"Echium vulgare";1;1;NA;8.5;NA
"Elodea canadensis";1;0;NA;NA;NA
"Elymus caninus";12;4;6.18;7;"1,1"
"Elytrigia repens";1;0;7.28;NA;"2,2"
"Epilobium angustifolium";24;30;6.46;NA;"1,2"
"Epilobium duriaei";1;0;NA;NA;NA
"Epilobium hirsutum";16;8;9.32;7.1;"2,2"
"Epilobium montanum";59;50;6.91;6.2;"2,1"
"Epilobium obscurum";0;1;NA;NA;NA
"Epilobium palustre";1;0;4.85;NA;"2,2"
"Epipactis atrorubens";2;0;6.17;8.5;"2,1"
"Epipactis helleborine";25;21;8.56;7.1;"1,1"
"Epipactis purpurata";3;4;NA;NA;NA
"Equisetum arvense";6;0;6.26;8.5;"2,2"
"Equisetum hyemale";3;3;4.86;8.5;"1,1"
"Equisetum sylvaticum";1;1;4.52;NA;"1,1"
"Equisetum telmateia";14;0;10.73;7.7;"2,1"
"Erica arborea";0;1;NA;6.3;NA
"Erica ciliaris";2;4;NA;4.1;NA
"Erica cinerea";8;88;NA;4.3;NA
"Erica scoparia";25;90;NA;NA;NA
"Erica tetralix";0;3;NA;4.6;NA
"Erica vagans";2;6;NA;NA;NA
"Erigeron annuus";0;1;NA;NA;NA
"Erigeron canadensis";4;4;8.52;NA;"2,2"
"Ervilia sylvatica";4;4;5.39;NA;NA
"Eryngium campestre";9;2;11.8;8.5;NA
"Euonymus europaeus";584;163;8.75;7.7;NA
"Euonymus latifolius";1;0;NA;7;NA
"Eupatorium cannabinum";83;141;8.98;8.5;"2,2"
"Euphorbia amygdaloides";166;346;10.82;6.4;"1,1"
"Euphorbia angulata";0;2;8.91;NA;"1,1"
"Euphorbia characias";1;0;NA;8.5;NA
"Euphorbia cupanii";0;1;NA;NA;NA
"Euphorbia cyparissias";36;44;8.17;8.5;"2,2"
"Euphorbia dulcis";15;22;9.98;6.5;"1,1"
"Euphorbia duvalii";0;1;NA;NA;NA
"Euphorbia helioscopia";1;1;9.9;NA;NA
"Euphorbia hyberna";5;7;NA;5.2;NA
"Euphorbia nicaeensis";2;2;NA;NA;NA
"Euphorbia stricta";4;0;NA;NA;NA
"Euphrasia stricta";1;0;NA;NA;NA
"Eurhynchium angustirete";1;1;NA;NA;NA
"Eurhynchium striatum";406;322;NA;6;NA
"Exsertotheca crispa";4;1;NA;NA;NA
"Festuca gautieri";1;1;NA;NA;NA
"Festuca heterophylla";93;174;9.71;5.3;"1,1"
"Festuca ovina";13;18;5.66;8.5;"2,2"
"Festuca rubra";1;0;6.65;6.1;"2,2"
"Ficaria verna";237;106;8.18;6.3;"2,1"
"Filipendula ulmaria";78;14;5.58;6.4;"2,2"
"Filipendula vulgaris";6;2;7.87;NA;"2,2"
"Fissidens dubius";0;1;NA;NA;NA
"Fissidens taxifolius";92;83;NA;6;NA
"Fourraea alpina";0;1;NA;7.1;NA
"Fragaria vesca";383;370;6.71;6.3;"2,1"
"Fragaria viridis";1;2;7.33;NA;"2,2"
"Frangula alnus";172;398;6.4;4;"2,1"
"Fritillaria meleagris";2;0;NA;NA;NA
"Fumana ericoides";0;1;NA;NA;NA
"Fumaria officinalis";0;1;NA;NA;NA
"Galanthus nivalis";3;0;10.3;NA;"2,1"
"Galeopsis segetum";0;2;NA;NA;NA
"Galeopsis tetrahit";153;110;7.77;4.6;"2,1"
"Galium album";4;3;7.61;NA;NA
"Galium aparine";299;60;9.2;8.5;"2,1"
"Galium maritimum";0;1;NA;6.3;NA
"Galium mollugo";133;67;7.37;8.5;"2,2"
"Galium odoratum";192;264;7.6;6.4;"1,1"
"Galium palustre";8;11;6.31;5.7;"2,1"
"Galium pumilum";1;2;8.25;6.3;"2,2"
"Galium rotundifolium";12;7;8.63;5.4;"/"
"Galium saxatile";25;15;9.85;3;"2,1"
"Galium sylvaticum";15;13;8.14;6.2;"/"
"Galium uliginosum";2;2;5.06;NA;"2,2"
"Galium verum";8;6;7.56;7.2;"2,2"
"Genista anglica";2;3;NA;NA;NA
"Genista germanica";1;1;8.57;NA;"2,2"
"Genista hispanica";4;2;NA;8.2;NA
"Genista pilosa";10;16;9.62;8.5;"2,2"
"Genista sagittalis";4;3;9.71;NA;"2,2"
"Genista scorpius";2;0;NA;8.5;NA
"Genista tinctoria";6;4;8.51;8.5;"2,2"
"Gentiana lutea";9;4;NA;8.5;NA
"Gentianopsis ciliata";1;0;10.08;NA;NA
"Geranium columbinum";1;0;NA;NA;NA
"Geranium dissectum";4;0;NA;NA;NA
"Geranium lucidum";0;1;12.64;NA;"1,2"
"Geranium nodosum";3;3;NA;6.5;NA
"Geranium purpureum";2;0;NA;NA;NA
"Geranium robertianum";389;141;8.49;6.2;"2,1"
"Geranium sanguineum";7;2;8.99;8.5;"2,1"
"Geranium sylvaticum";2;3;3.98;6.3;"2,1"
"Geum rivale";4;3;4.58;6.1;"2,1"
"Geum sylvaticum";1;1;NA;NA;NA
"Geum urbanum";646;237;7.92;6.5;"2,1"
"Glechoma hederacea";284;126;6.7;6.3;"2,1"
"Globularia nudicaulis";0;1;NA;NA;NA
"Globularia vulgaris";7;1;NA;8.5;NA
"Glyceria fluitans";6;4;8.26;NA;"2,2"
"Goodyera repens";1;3;4.35;NA;"1,1"
"Gymnocarpium dryopteris";1;2;4.63;NA;"1,1"
"Gymnocarpium robertianum";1;0;8.09;7.3;"2,1"
"Hedera helix";1620;1381;10.93;6.2;"2,1"
"Hedera hibernica";1;1;NA;NA;NA
"Helianthemum nummularium";11;5;9.1;7.8;"2,2"
"Helleborus foetidus";96;75;11.65;7.6;"1,2"
"Helleborus niger";1;0;8.13;NA;"1,1"
"Helleborus viridis";1;4;NA;6.5;NA
"Heracleum sphondylium";91;36;5.74;6.6;"2,1"
"Hieracium laevigatum";1;2;5.09;NA;"2,1"
"Hieracium murorum";37;33;7.27;6.6;"2,1"
"Hieracium sabaudum";4;2;9.13;NA;"2,1"
"Hieracium umbellatum";4;6;6.04;4.6;"2,1"
"Hieracium vulgatum";6;5;NA;NA;NA
"Hippocrepis comosa";6;4;10.06;8.5;"O"
"Hippocrepis emerus";10;12;12.63;8.5;"2,1"
"Holcus lanatus";122;94;9.85;5.6;"2,2"
"Holcus mollis";183;218;8.73;4.5;"2,1"
"Homalothecium sericeum";1;0;NA;NA;NA
"Hordelymus europaeus";29;56;8.27;6.4;"1,1"
"Humulus lupulus";37;1;7.21;8.5;"1,2"
"Hyacinthoides non-scripta";76;55;10.14;3.9;"1,1"
"Hydrocotyle vulgaris";1;0;10.27;NA;"2,2"
"Hylocomiadelphus triquetrus";359;408;NA;6.6;NA
"Hylocomium splendens";79;131;NA;6.4;NA
"Hylotelephium telephium";2;4;7.11;NA;"2,2"
"Hypericum androsaemum";17;23;NA;5.7;NA
"Hypericum hirsutum";54;87;7.49;6.5;"2,1"
"Hypericum humifusum";3;16;9.6;NA;"2,2"
"Hypericum maculatum";1;1;5.73;5.5;"2,2"
"Hypericum montanum";10;8;8.75;8.5;"1,2"
"Hypericum perfoliatum";0;1;NA;NA;NA
"Hypericum perforatum";101;136;9.25;6.4;"2,2"
"Hypericum pulchrum";48;216;9.64;4.5;"2,1"
"Hypericum tetrapterum";0;1;9.95;NA;"2,2"
"Hypnum cupressiforme";46;40;NA;3;NA
"Hypnum jutlandicum";5;46;NA;3.9;NA
"Hypochaeris radicata";2;0;10.49;NA;"2,2"
"Hypochaeris robertia";0;1;NA;NA;NA
"Impatiens glandulifera";8;3;NA;8.5;NA
"Impatiens noli-tangere";8;7;6.68;5.1;"1,1"
"Impatiens parviflora";0;1;8.12;NA;"1,1"
"Imperatoria ostruthium";0;1;NA;5;NA
"Inula conyza";1;2;10.82;NA;NA
"Inula helenium";1;0;NA;NA;NA
"Inula salicina";0;1;6.88;NA;"2,2"
"Iris foetidissima";23;12;NA;7.9;NA
"Iris pseudacorus";31;8;9.27;5.8;"2,1"
"Isopyrum thalictroides";0;1;NA;NA;NA
"Isothecium alopecuroides";1;0;NA;NA;NA
"Jacobaea adonidifolia";5;1;NA;NA;NA
"Jacobaea erucifolia";0;1;NA;NA;NA
"Jacobaea vulgaris";11;8;7.6;7.3;"2,2"
"Jasione montana";2;0;8.14;5.1;"O"
"Juncus bufonius";5;9;NA;NA;NA
"Juncus conglomeratus";33;79;7.9;5;"2,2"
"Juncus effusus";72;134;8.65;5.4;"2,2"
"Juncus tenuis";2;3;8.69;NA;"2,2"
"Juniperus communis";101;64;6.63;8.5;"2,2"
"Juniperus oxycedrus";2;1;NA;8.5;NA
"Juniperus phoenicea";0;1;NA;NA;NA
"Juniperus sabina";0;1;NA;NA;NA
"Kindbergia praelonga";29;20;NA;5.4;NA
"Knautia arvensis";0;1;6.93;6.1;"2,2"
"Knautia arvernensis";2;0;9.29;NA;NA
"Knautia dipsacifolia";12;11;7.18;6.4;"/"
"Koeleria vallesiana";1;0;NA;8.2;NA
"Lactuca muralis";63;45;8.76;6.5;"2,1"
"Lactuca perennis";1;0;NA;8.5;NA
"Lamium album";2;2;6.61;NA;"2,2"
"Lamium galeobdolon";237;375;8.44;6.3;"/"
"Lamium maculatum";14;10;8.29;7.7;"2,1"
"Lamium purpureum";10;5;8.25;NA;NA
"Lapsana communis";49;34;8.13;6.1;"2,1"
"Laser trilobum";1;0;NA;NA;NA
"Laserpitium latifolium";8;5;8.8;7.4;"2,1"
"Lathraea squamaria";1;0;7.53;8.3;"1,1"
"Lathyrus linifolius";27;53;8.85;NA;"2,1"
"Lathyrus niger";4;2;7.89;NA;"1,2"
"Lathyrus pratensis";7;2;6.07;7.1;"2,2"
"Lathyrus sylvestris";3;5;12.21;NA;"2,1"
"Lathyrus vernus";10;23;6.28;6.8;"/"
"Laurus nobilis";13;1;15.2;NA;"2,2"
"Lavandula angustifolia";1;0;NA;8.5;NA
"Leontodon crispus";1;0;NA;NA;NA
"Leontodon hispidus";1;0;8.01;5.8;"O"
"Leucanthemum vulgare";6;3;6.36;8.5;"2,2"
"Leucobryum glaucum";13;89;NA;3;NA
"Leucojum vernum";5;2;8.55;7.5;"2,1"
"Libanotis pyrenaica";1;0;NA;8.5;NA
"Lilium martagon";1;4;6.79;6.9;"1,1"
"Linaria repens";16;17;9.97;4.7;"2,2"
"Linaria vulgaris";4;0;6.37;NA;"2,2"
"Loeskeobryum brevirostre";5;10;NA;4.4;NA
"Lolium perenne";1;0;NA;NA;NA
"Loncomelos pyrenaicus";85;69;NA;6.4;NA
"Lonicera alpigena";2;5;7.75;6.8;"/"
"Lonicera etrusca";6;3;NA;8.5;NA
"Lonicera implexa";1;0;NA;8.5;NA
"Lonicera nigra";5;19;7.42;6.3;"/"
"Lonicera periclymenum";723;1039;9.95;4.5;"2,1"
"Lonicera xylosteum";441;239;5.87;7.2;"2,1"
"Lotus corniculatus";8;5;9.38;8.5;"2,2"
"Lotus dorycnium";3;0;NA;8.5;NA
"Lotus pedunculatus";4;7;10.53;5.2;"2,2"
"Luzula campestris";4;5;9.28;5.2;"2,2"
"Luzula forsteri";19;37;12.35;5.5;"1,1"
"Luzula luzuloides";18;62;7.76;3;"1,1"
"Luzula multiflora";15;59;5.75;4.9;"2,1"
"Luzula nivea";5;7;8.77;5.4;"/"
"Luzula pilosa";91;309;4.94;5.4;"1,1"
"Luzula sylvatica";25;120;9.72;3;"1,1"
"Lychnis flos-cuculi";4;1;7.33;NA;NA
"Lycium europaeum";1;0;NA;NA;NA
"Lycopus europaeus";24;8;8.51;5.7;"2,2"
"Lysimachia arvensis";0;3;NA;NA;NA
"Lysimachia nemorum";14;32;9.45;5.8;"1,1"
"Lysimachia nummularia";21;17;7.86;6.1;"2,1"
"Lysimachia vulgaris";9;7;7.05;6;"2,1"
"Lythrum salicaria";9;2;7.76;8.5;"2,1"
"Maianthemum bifolium";3;11;4.76;3;"1,1"
"Malus sylvestris";124;66;8.96;8.5;"1,1"
"Malva sylvestris";2;0;12.08;NA;NA
"Medicago lupulina";0;1;8.73;8.5;"O"
"Melampyrum nemorosum";0;1;6.2;NA;"/"
"Melampyrum pratense";19;63;5.65;3;"1,2"
"Melampyrum sylvaticum";1;3;3.14;NA;"/"
"Melica nutans";8;9;5.97;7.5;"1,1"
"Melica uniflora";128;219;9.92;6.2;"1,1"
"Melittis melissophyllum";18;38;11.71;7.5;"1,2"
"Mentha aquatica";10;5;9.32;7.5;"2,2"
"Mentha arvensis";2;4;6.29;NA;"2,2"
"Mentha longifolia";1;0;8.72;NA;"O"
"Mentha suaveolens";1;2;NA;NA;NA
"Mercurialis perennis";129;97;7.87;7.2;"1,1"
"Meum athamanticum";2;1;NA;5.3;NA
"Milium effusum";207;277;5.63;5.5;"1,1"
"Minuartia montana";0;1;NA;NA;NA
"Mnium hornum";11;12;NA;3.5;NA
"Moehringia muscosa";6;3;NA;6.7;NA
"Moehringia trinervia";85;46;8.08;5;"1,1"
"Molineriella minuta";0;1;NA;NA;NA
"Molinia caerulea";111;457;6.19;3;"2,1"
"Moneses uniflora";1;0;4.01;NA;"/"
"Monotropa hypopitys";0;2;NA;6.9;NA
"Muscari comosum";2;0;NA;NA;NA
"Myosotis scorpioides";3;2;6.92;6;"2,1"
"Myosotis sylvatica";12;12;9.09;5.5;"1,2"
"Myosoton aquaticum";2;1;7.59;NA;"2,2"
"Myrica gale";1;0;NA;NA;NA
"Myrrhis odorata";1;0;NA;NA;NA
"Narcissus jonquilla";4;0;NA;NA;NA
"Narcissus poeticus";1;1;NA;NA;NA
"Narcissus pseudonarcissus";8;4;NA;NA;NA
"Nardus stricta";6;1;6.29;6.1;"O"
"Nectaroscilla hyacinthoides";1;1;NA;NA;NA
"Neotinea tridentata";1;0;NA;NA;NA
"Neottia nidus-avis";47;45;8.39;6.8;"1,1"
"Neottia ovata";37;11;6.74;8.5;"1,1"
"Nepeta nepetella";0;1;NA;NA;NA
"Odontites luteus";1;0;NA;NA;NA
"Oenanthe fluviatilis";0;1;NA;NA;NA
"Omalotheca sylvatica";0;1;6.1;NA;NA
"Ononis minutissima";2;0;NA;8.4;NA
"Ononis natrix";1;0;NA;8.4;NA
"Ononis spinosa";2;1;NA;NA;NA
"Ophrys insectifera";1;0;NA;8.5;NA
"Ophrys scolopax";0;1;NA;NA;NA
"Orchis mascula";14;5;9.57;7;"2,1"
"Orchis purpurea";8;2;10.01;8.5;"2,1"
"Origanum vulgare";23;25;7.6;8.5;"2,2"
"Ornithogalum umbellatum";3;1;11.37;NA;"2,2"
"Orobanche hederae";0;1;NA;NA;NA
"Orobanche rapum-genistae";1;0;NA;NA;NA
"Orthilia secunda";3;5;4.29;6.8;"/"
"Osmunda regalis";1;3;NA;4;NA
"Ostrya carpinifolia";1;0;NA;NA;NA
"Oxalis acetosella";55;183;6.08;3;"1,1"
"Oxalis fontana";1;0;NA;NA;NA
"Oxyrrhynchium hians";2;0;NA;8.5;NA
"Paliurus spina-christi";1;0;NA;NA;NA
"Papaver cambricum";0;1;NA;NA;NA
"Paris quadrifolia";70;62;5.65;6.7;"1,1"
"Parthenocissus quinquefolia";2;0;NA;NA;NA
"Pedicularis sylvatica";0;1;NA;NA;NA
"Persicaria hydropiper";4;1;7.38;6.3;"2,2"
"Persicaria lapathifolia";1;1;8.14;NA;NA
"Persicaria maculosa";3;7;8.4;NA;NA
"Petasites albus";1;4;8.27;6.7;"/"
"Petasites hybridus";1;0;9.43;NA;"2,1"
"Peucedanum gallicum";8;23;NA;4.7;NA
"Phalaris arundinacea";32;3;6.58;8.5;NA
"Phegopteris connectilis";0;1;5.02;4.6;"1,1"
"Phillyrea latifolia";2;1;NA;8.5;NA
"Phleum alpinum";0;1;3.69;5.6;"/"
"Phleum nodosum";1;0;NA;NA;NA
"Phleum pratense";6;0;NA;6.3;NA
"Phlomis lychnitis";0;1;NA;NA;NA
"Phragmites australis";50;12;7.49;7.7;"2,2"
"Phyteuma betonicifolium";1;0;NA;NA;NA
"Phyteuma nigrum";3;9;8.87;8.2;"1,1"
"Phyteuma orbiculare";1;2;NA;8.5;NA
"Phyteuma spicatum";25;39;8.31;6.5;"1,1"
"Phytolacca americana";3;5;NA;NA;NA
"Picris hieracioides";0;1;7.71;NA;"O"
"Pilosella lactucella";1;0;NA;NA;NA
"Pilosella officinarum";30;20;7.75;8.5;"2,2"
"Pimpinella major";5;5;9.14;8.4;"O"
"Pimpinella saxifraga";4;1;6.7;8.5;"2,2"
"Pistacia lentiscus";0;1;NA;8.5;NA
"Pistacia terebinthus";1;1;NA;8.5;NA
"Plagiochila asplenioides";3;17;NA;6.5;NA
"Plagiochila porelloides";1;2;NA;NA;NA
"Plagiomnium affine";19;27;NA;5.5;NA
"Plagiomnium undulatum";154;144;NA;6.2;NA
"Plagiothecium undulatum";2;1;NA;3;NA
"Plantago lanceolata";38;15;9.87;6.2;"2,2"
"Plantago major";16;15;9.12;NA;"2,2"
"Plantago media";10;3;6.08;8.5;"2,2"
"Platanthera bifolia";9;2;6.51;8.5;"2,1"
"Platanthera chlorantha";0;2;8.51;7.4;"2,1"
"Platanus orientalis";1;0;NA;NA;NA
"Platanus x hispanica";1;0;NA;NA;NA
"Pleurozium schreberi";23;58;NA;3;NA
"Poa alpina";0;1;NA;5.8;NA
"Poa annua";2;3;NA;NA;NA
"Poa chaixii";37;56;8.12;5.2;"1,1"
"Poa nemoralis";154;117;6.26;5.4;"1,1"
"Poa pratensis";0;1;6.2;6.25;"2,2"
"Poa trivialis";55;55;8.14;NA;"2,1"
"Polygala calcarea";1;0;NA;8.5;NA
"Polygala serpyllifolia";1;0;NA;NA;NA
"Polygala vulgaris";1;2;9.34;8.1;"2,2"
"Polygonatum multiflorum";261;172;8.04;6.3;"1,1"
"Polygonatum odoratum";16;20;6.59;8.5;"2,1"
"Polygonatum verticillatum";16;30;6.8;6.4;"1,1"
"Polygonum aviculare";0;1;7.74;NA;NA
"Polypodium interjectum";1;0;NA;NA;NA
"Polypodium vulgare";41;26;7.95;6.8;"2,1"
"Polystichum aculeatum";18;12;10.57;6.9;"1,1"
"Polystichum lonchitis";0;2;7.59;6.6;"/"
"Polystichum setiferum";22;11;NA;6.3;NA
"Polytrichum commune";8;17;NA;3.4;NA
"Polytrichum formosum";402;960;NA;3;NA
"Polytrichum juniperinum";1;0;NA;3.6;NA
"Porella arboris-vitae";1;0;NA;NA;NA
"Potamogeton x zizii";1;0;NA;NA;NA
"Potentilla erecta";41;73;6.95;4.9;"2,2"
"Potentilla micrantha";1;0;11.41;NA;"/"
"Potentilla montana";3;3;NA;NA;NA
"Potentilla recta";3;0;8.66;7.1;NA
"Potentilla reptans";14;13;10.11;7.1;"2,2"
"Potentilla sterilis";169;274;9.76;6.1;"1,2"
"Potentilla verna";2;1;9.45;8.5;NA
"Poterium sanguisorba";21;13;10.74;8.5;NA
"Prenanthes purpurea";5;28;7.96;3;"/"
"Primula elatior";135;120;9.21;6.2;"1,1"
"Primula veris";44;29;7.48;7;"2,1"
"Primula vulgaris";14;0;10.56;6.1;NA
"Prunella grandiflora";1;3;NA;NA;NA
"Prunella vulgaris";44;47;7.29;6.2;"2,2"
"Pseudarrhenatherum longifolium";5;29;NA;4.2;NA
"Pseudoscleropodium purum";238;347;NA;4;NA
"Pseudoturritis turrita";1;0;NA;7.9;NA
"Pteridium aquilinum";294;657;9.15;3;"2,1"
"Pulicaria dysenterica";1;1;11.7;NA;NA
"Pulmonaria affinis";22;15;NA;6.2;NA
"Pulmonaria longifolia";36;41;11.03;5.5;"1,2"
"Pulmonaria montana";35;18;NA;NA;NA
"Pulmonaria obscura";1;0;5.7;6.3;"/"
"Pulmonaria officinalis";5;5;8.31;6.9;"1,1"
"Pyrola chlorantha";1;1;5.12;NA;"/"
"Pyrola rotundifolia";3;0;4.38;NA;"1,1"
"Pyrus communis";136;89;9.11;NA;"2,1"
"Pyrus cordata";1;1;NA;4.7;NA
"Ranunculus aconitifolius";1;2;NA;6;NA
"Ranunculus acris";1;2;5.61;5.7;"2,2"
"Ranunculus auricomus";79;56;6.06;6.6;"1,1"
"Ranunculus bulbosus";8;6;NA;8.2;NA
"Ranunculus flammula";1;4;7.31;5.9;"2,2"
"Ranunculus lanuginosus";0;1;9.2;NA;"/"
"Ranunculus platanifolius";2;3;5.64;6.6;"/"
"Ranunculus repens";75;62;6.84;6;"2,1"
"Ranunculus serpens";34;30;NA;6.3;NA
"Reynoutria japonica";11;1;NA;NA;NA
"Rhamnus alaternus";4;4;NA;8.5;NA
"Rhamnus alpina";1;4;10.57;8.5;"/"
"Rhamnus cathartica";46;13;7.81;8.5;"2,1"
"Rhamnus saxatilis";4;0;NA;NA;NA
"Rhizomnium punctatum";5;3;NA;6.6;NA
"Rhodobryum roseum";1;0;NA;NA;NA
"Rhododendron ferrugineum";0;1;NA;3;NA
"Rhus typhina";1;0;NA;NA;NA
"Rhytidiadelphus loreus";44;47;NA;3;NA
"Rhytidiadelphus squarrosus";13;5;NA;NA;NA
"Ribes alpinum";118;105;6.78;6.7;"1,2"
"Ribes nigrum";1;0;5.32;NA;"1,1"
"Ribes petraeum";1;0;NA;6.9;NA
"Ribes rubrum";117;34;6.54;8;"1,1"
"Ribes uva-crispa";109;12;7.87;7.3;"2,1"
"Rosa arvensis";703;522;10.38;6.4;"1,2"
"Rosa canina";503;174;8.99;8.5;"2,1"
"Rosa montana";0;1;NA;8.5;NA
"Rosa pendulina";3;5;8.94;6.7;"/"
"Rosa sempervirens";9;5;NA;NA;NA
"Rosa spinosissima";1;4;NA;8.5;NA
"Rubia peregrina";174;115;NA;8.5;NA
"Rubus caesius";102;40;7.83;8.5;"2,1"
"Rubus canescens";0;1;NA;NA;NA
"Rubus fruticosus";1557;1630;NA;5.5;NA
"Rubus idaeus";138;178;5.75;3;"1,2"
"Rubus saxatilis";3;4;4.19;6.9;"1,2"
"Rubus ulmifolius";152;93;12.95;5.9;NA
"Rumex acetosa";56;10;6.87;5.9;"2,2"
"Rumex acetosella";18;21;6.75;4.7;"2,2"
"Rumex arifolius";1;0;8.68;NA;"/"
"Rumex crispus";1;0;8.42;NA;NA
"Rumex hydrolapathum";3;0;7.37;NA;"2,2"
"Rumex obtusifolius";33;19;8.07;5.7;"2,2"
"Rumex sanguineus";90;73;8.8;NA;"1,1"
"Ruscus aculeatus";205;176;13.45;6;"1,1"
"Ruscus hypophyllum";0;1;NA;NA;NA
"Sambucus ebulus";1;2;11.35;NA;"2,2"
"Sanicula europaea";28;17;8.51;6.3;"1,1"
"Sanionia uncinata";1;0;NA;NA;NA
"Saponaria ocymoides";0;1;NA;8.5;NA
"Saxifraga granulata";1;2;9.54;NA;"2,2"
"Saxifraga hirsuta";2;1;NA;NA;NA
"Saxifraga rotundifolia";2;1;9.65;6.7;"/"
"Scabiosa columbaria";6;0;NA;8.5;NA
"Schedonorus arundinaceus";1;0;9.24;NA;NA
"Schedonorus giganteus";32;40;7.37;8.5;"1,1"
"Scilla bifolia";8;15;9.24;6.8;"1,1"
"Scirpus sylvaticus";4;4;6.84;5.7;"2,1"
"Scorzoneroides pyrenaica";1;0;NA;5.3;NA
"Scrophularia nodosa";65;117;7.17;5.7;"1,1"
"Scrophularia oblongifolia";2;1;NA;NA;NA
"Scutellaria galericulata";2;2;6.24;6.3;"2,1"
"Scutellaria minor";1;2;NA;NA;NA
"Sedum acre";0;1;7.79;7.5;"2,2"
"Sedum rupestre";2;3;10.49;7.3;"2,1"
"Sedum sediforme";5;1;NA;8.5;NA
"Sedum sexangulare";1;0;9.33;NA;"O"
"Senecio cacaliaster";0;1;NA;NA;NA
"Senecio hercynicus";2;4;4.25;NA;NA
"Senecio inaequidens";0;1;NA;NA;NA
"Senecio ovatus";25;27;8.88;4.8;"1,2"
"Senecio sarracenicus";0;1;NA;NA;NA
"Senecio sylvaticus";2;0;8.73;NA;"1,2"
"Senecio viscosus";0;1;9.31;NA;"2,2"
"Senecio vulgaris";4;1;8.45;NA;"2,2"
"Serratula tinctoria";8;13;9.65;5.5;"2,1"
"Sesleria caerulea";12;9;7.4;7.6;"2,2"
"Silene baccifera";1;0;NA;NA;NA
"Silene dioica";43;22;6.5;5.95;"2,1"
"Silene latifolia";1;0;6.34;NA;"2,2"
"Silene nutans";0;1;7.09;8.5;"2,1"
"Silene vulgaris";18;6;8;5.9;"2,1"
"Simethis mattiazzii";0;3;NA;4.1;NA
"Sisymbrium austriacum";1;0;NA;NA;NA
"Smilax aspera";1;1;NA;8.5;NA
"Solanum dulcamara";62;32;7.93;8.5;"2,1"
"Solanum nigrum";0;1;8.21;NA;NA
"Solidago canadensis";2;1;NA;NA;NA
"Solidago gigantea";3;3;7.71;8.3;"2,2"
"Solidago virgaurea";69;64;5.27;6.9;"2,1"
"Sonchus arvensis";1;0;7.07;NA;NA
"Sonchus asper";1;2;9.59;NA;NA
"Spartium junceum";1;0;NA;NA;NA
"Sphagnum fimbriatum";0;1;NA;NA;NA
"Sphagnum flexuosum";1;0;NA;NA;NA
"Sphagnum palustre";0;2;NA;NA;NA
"Stachys alpina";1;4;NA;6.8;NA
"Stachys palustris";4;0;6.76;NA;"2,2"
"Stachys recta";2;1;8.68;8.5;"2,2"
"Stachys sylvatica";179;145;7.28;8.5;"1,2"
"Staehelina dubia";0;3;NA;8.5;NA
"Stellaria graminea";3;0;6.14;NA;"2,2"
"Stellaria holostea";259;211;7.01;5.3;"2,1"
"Stellaria media";19;7;7.29;NA;"2,2"
"Stellaria nemorum";8;6;5.52;3.9;"1,1"
"Succisa pratensis";1;5;7.14;5.8;"2,2"
"Symphoricarpos albus";2;0;NA;NA;NA
"Symphyotrichum x salignum";1;0;NA;NA;NA
"Symphytum officinale";14;4;7.62;8.5;"2,2"
"Symphytum tuberosum";3;0;11.56;6.3;"2,1"
"Syringa vulgaris";3;0;NA;NA;NA
"Tanacetum vulgare";1;0;5.88;NA;NA
"Taraxacum officinale";175;93;NA;NA;NA
"Teucrium chamaedrys";25;18;11.56;8.5;"2,2"
"Teucrium montanum";1;1;NA;8.5;NA
"Teucrium polium";4;2;NA;NA;NA
"Teucrium pyrenaicum";1;1;NA;NA;NA
"Teucrium scordium";2;5;NA;NA;NA
"Teucrium scorodonia";212;524;10.4;4.5;"2,1"
"Thalictrum alpinum";0;1;NA;NA;NA
"Thalictrum aquilegiifolium";0;1;7.49;7;"/"
"Thalictrum minus";1;0;7.56;8.4;"2,1"
"Thamnobryum alopecurum";26;18;NA;6.5;NA
"Thuidium tamariscinum";454;717;NA;5.1;NA
"Thymelaea dioica";0;1;NA;NA;NA
"Thymus serpyllum";5;3;5.17;NA;"2,2"
"Thymus vulgaris";4;4;NA;8.5;NA
"Torilis japonica";15;3;8.78;6.3;"1,2"
"Tortella squarrosa";3;0;NA;NA;NA
"Tortella tortuosa";2;1;NA;6.9;NA
"Tractema lilio-hyacinthus";1;0;NA;5.9;NA
"Tragopogon pratensis";1;0;7.91;7.5;NA
"Trapa natans";0;1;NA;NA;NA
"Trifolium arvense";3;0;8.35;NA;NA
"Trifolium badium";1;0;NA;NA;NA
"Trifolium campestre";2;0;11.24;NA;NA
"Trifolium medium";4;2;6.28;6.9;"2,1"
"Trifolium pratense";5;1;7.72;6.3;"2,2"
"Trifolium repens";3;0;7.88;5.6;"2,2"
"Trifolium rubens";0;4;9.65;NA;"1,2"
"Trollius europaeus";1;0;NA;6;NA
"Turritis glabra";2;0;7.25;NA;NA
"Tussilago farfara";5;3;6.76;NA;"2,2"
"Ulex europaeus";49;74;NA;4.1;NA
"Ulex minor";13;34;NA;4.2;NA
"Ulex parviflorus";1;0;NA;6.2;NA
"Umbilicus rupestris";1;0;NA;NA;NA
"Urtica dioica";454;127;7.64;6.1;"2,1"
"Vaccinium myrtillus";37;110;5.07;3;"2,1"
"Vaccinium uliginosum";1;0;4.34;3;"2,1"
"Vaccinium vitis-idaea";1;3;4.35;3;"2,1"
"Valeriana dioica";3;4;8.93;6;"2,1"
"Valeriana montana";1;2;9.05;7.2;"/"
"Valeriana officinalis";45;18;6.83;6.2;"2,1"
"Valeriana tripteris";1;1;7.99;NA;"/"
"Valerianella locusta";1;1;NA;NA;NA
"Veratrum album";3;3;NA;6;NA
"Verbascum nigrum";1;2;7.2;NA;"2,2"
"Verbena officinalis";2;1;NA;NA;NA
"Veronica beccabunga";1;1;7.79;NA;"2,2"
"Veronica chamaedrys";93;65;7.29;6;"2,1"
"Veronica montana";46;54;9.26;5.9;"1,1"
"Veronica officinalis";44;95;7.12;5.8;"2,1"
"Veronica sublobata";22;2;NA;NA;NA
"Veronica urticifolia";0;3;7.77;6.3;"/"
"Viburnum lantana";381;184;9.82;8.5;"2,1"
"Viburnum opulus";204;140;6.46;7.7;"2,1"
"Viburnum tinus";4;2;NA;8.5;NA
"Vicia cracca";15;8;6.81;7;"2,2"
"Vicia dumetorum";0;1;8.16;NA;"/"
"Vicia sepium";156;197;6.55;6.5;"2,1"
"Vicia tenuifolia";12;4;9.1;8.5;"2,2"
"Vinca major";1;0;NA;NA;NA
"Vinca minor";47;49;10.13;8.5;"1,1"
"Vincetoxicum hirundinaria";12;14;8.15;8.5;"2,1"
"Vincetoxicum nigrum";1;0;NA;NA;NA
"Viola alba";17;5;11.92;7.7;"1,2"
"Viola biflora";0;2;NA;NA;NA
"Viola canina";1;2;6.69;5.3;"2,2"
"Viola hirta";43;31;7.11;8.5;"2,1"
"Viola lutea";0;1;NA;NA;NA
"Viola mirabilis";12;5;5.7;7.5;"/"
"Viola odorata";6;5;8.98;8.4;"2,1"
"Viola palustris";1;2;4.1;NA;"2,1"
"Viola pyrenaica";2;1;NA;NA;NA
"Viola reichenbachiana";249;333;9.49;6.3;"1,1"
"Viola riviniana";46;49;8.26;5.3;"1,1"
"Viola tricolor";1;0;5.99;NA;NA
"Viscum album";14;4;9.85;8.5;"2,1"
"Vitis vinifera";9;1;NA;NA;NA
"Wahlenbergia hederacea";0;2;NA;NA;NA
"Xanthoselinum alsaticum";0;1;8.46;NA;NA
"x Agropogon";1;0;NA;NA;NA
